{
  "silhouette": 0.8797272422191936,
  "calinski_harabasz": 14850.390594552933,
  "davies_bouldin": 0.16975569915554384,
  "ari": 1.0,
  "nmi": 1.0,
  "purity": 1.0
}