{
  "silhouette": 0.1253114491701126,
  "calinski_harabasz": 76.76571655273438,
  "davies_bouldin": 2.4215349364781025,
  "ari": 0.03173759370199973,
  "nmi": 0.06845978485301807,
  "purity": 0.281
}